{
  "architectures": [
    "AttentionBaseline"
  ],
  "n_head": 1,
  "n_layers": 1,
  "num_classes": 29,
  "split_len": 64,
  "torch_dtype": "float32",
  "transformers_version": "4.29.2",
  "weights": [
    17.896003217903242,
    60.704787893822875,
    1.7953118121790168,
    7.480465884079237,
    9.323718803581635,
    1.4500714069842549,
    7.132684291835486,
    6.411827900639346,
    4.348346053718824,
    1.8934063765828295,
    5.257299387689333,
    4.649016813907096,
    7.175140745953554,
    13.686886483765417,
    11.951792517339063,
    14.051566223549342,
    3.3969265367316344,
    12.309213008375462,
    22.322660098522167,
    8.105634502633409,
    12.237803505788802,
    20.78316629862409,
    7.975392738413402,
    7.900716776443239,
    8.21213189025925,
    5.151383099658962,
    5.952709359605912,
    4.6515796677185115,
    0.04168615462297481
  ]
}
